﻿pos_x,pos_y,rotation,side,designator,mpn,pack,value,mount_type,place
149.9,-54.4,-90.0,top,ANT1,,Texas_SWRA117D_2.4GHz_Left,~,tht,True
144.18,-43.28,180.0,bottom,BT1,,CONN-TH_1.25-2AW,Battery,tht,True
141.4075,-50.66,180.0,top,C1,,C_0402_1005Metric_Pad0.74x0.62mm_HandSolder,1u,smt,True
139.11,-60.2,90.0,top,C10,,C_0402_1005Metric_Pad0.74x0.62mm_HandSolder,4.7u,smt,True
147.44,-54.8725,90.0,top,C11,,C_0402_1005Metric_Pad0.74x0.62mm_HandSolder,100p,smt,True
139.19,-56.97,-90.0,top,C12,,C_0402_1005Metric_Pad0.74x0.62mm_HandSolder,4.7u,smt,True
130.64,-44.905,90.0,top,C13,,C_0402_1005Metric_Pad0.74x0.62mm_HandSolder,10u,smt,True
142.89,-46.04,-90.0,top,C14,,C_0402_1005Metric_Pad0.74x0.62mm_HandSolder,100n,smt,True
137.44,-51.43,-90.0,top,C15,,C_0402_1005Metric_Pad0.74x0.62mm_HandSolder,8p,smt,True
138.37,-51.43,-90.0,top,C16,,C_0402_1005Metric_Pad0.74x0.62mm_HandSolder,8p,smt,True
141.4075,-51.59,0.0,top,C17,,C_0402_1005Metric_Pad0.74x0.62mm_HandSolder,NC,smt,True
141.1125,-43.97,0.0,top,C18,,C_0402_1005Metric_Pad0.74x0.62mm_HandSolder,100n,smt,True
135.4,-45.4125,90.0,top,C19,,C_0402_1005Metric_Pad0.74x0.62mm_HandSolder,10u,smt,True
139.4,-51.43,-90.0,top,C2,,C_0402_1005Metric_Pad0.74x0.62mm_HandSolder,100n,smt,True
147.4125,-52.75,0.0,top,C3,,C_0402_1005Metric_Pad0.74x0.62mm_HandSolder,12p,smt,True
147.4025,-48.36,180.0,top,C4,,C_0402_1005Metric_Pad0.74x0.62mm_HandSolder,12p,smt,True
149.0,-58.14,0.0,top,C5,,C_0402_1005Metric_Pad0.74x0.62mm_HandSolder,1.2p,smt,True
145.4225,-61.32,0.0,top,C6,,C_0402_1005Metric_Pad0.74x0.62mm_HandSolder,100n,smt,True
141.4075,-52.52,0.0,top,C7,,C_0402_1005Metric_Pad0.74x0.62mm_HandSolder,1u,smt,True
147.41,-58.53,-90.0,top,C8,,C_0402_1005Metric_Pad0.74x0.62mm_HandSolder,1p,smt,True
140.05,-60.94,90.0,top,C9,,C_0402_1005Metric_Pad0.74x0.62mm_HandSolder,4.7u,smt,True
139.985,-43.55,0.0,bottom,D1,,LED_0603_1608Metric_Pad1.05x0.95mm_HandSolder,RED LED,smt,True
139.75,-66.18,0.0,top,D2,,SOT-23-6_L2.9-W1.6-P0.95-LS2.8-BL,USBLC6-2SC6_C2687116,smt,True
139.985,-45.76,0.0,bottom,D4,,LED_0603_1608Metric_Pad1.05x0.95mm_HandSolder,BLUE LED,smt,True
139.58,-76.23,-90.0,top,J1,,CONN-SMD_custom1,Screw_Terminal_01x01,smt,True
145.58,-76.23,-90.0,top,J2,,CONN-SMD_2059-302,Screw_Terminal_01x02,smt,True
146.1,-66.62,90.0,top,J3,,TYPE-C-SMD_C9900025773,USB_C_Receptacle,smt,True
148.04,-56.69,0.0,top,L1,,L_0402_1005Metric_Pad0.77x0.64mm_HandSolder,4.7n,smt,True
148.66,-54.9875,90.0,top,L2,,L_0402_1005Metric_Pad0.77x0.64mm_HandSolder,2.2n,smt,True
138.4375,-43.59,180.0,top,R1,,R_0402_1005Metric_Pad0.72x0.64mm_HandSolder,2k,smt,True
140.3325,-68.61,0.0,top,R10,,R_0402_1005Metric_Pad0.72x0.64mm_HandSolder,5k1,smt,True
148.84,-64.0875,-90.0,top,R11,,R_0402_1005Metric_Pad0.72x0.64mm_HandSolder,5k1,smt,True
138.4375,-44.66,0.0,top,R12,,R_0402_1005Metric_Pad0.72x0.64mm_HandSolder,220,smt,True
144.5825,-48.04,0.0,top,R13,,R_0402_1005Metric_Pad0.72x0.64mm_HandSolder,100k,smt,True
144.5825,-49.04,180.0,top,R14,,R_0402_1005Metric_Pad0.72x0.64mm_HandSolder,33k,smt,True
144.0,-46.06,90.0,top,R2,,R_0402_1005Metric_Pad0.72x0.64mm_HandSolder,2k,smt,True
141.1225,-42.89,0.0,top,R3,,R_0402_1005Metric_Pad0.72x0.64mm_HandSolder,100,smt,True
136.36,-44.3125,-90.0,top,R4,,R_0402_1005Metric_Pad0.72x0.64mm_HandSolder,4k99,smt,True
142.75,-60.19,90.0,top,R5,,R_0201_0603Metric,NF,smt,True
143.5,-60.65,-90.0,top,R6,,R_0201_0603Metric,NF,smt,True
148.05,-60.48,-90.0,top,R7,,R_0201_0603Metric,NF,smt,True
146.95,-60.74,90.0,top,R8,,R_0201_0603Metric,NF,smt,True
149.42,-75.3825,90.0,top,R9,,R_0402_1005Metric_Pad0.72x0.64mm_HandSolder,470,smt,True
135.2575,-47.5325,0.0,bottom,SW1,,SW-TH_TK-6580B-1,TK-6580B-1,tht,True
140.86,-48.64,180.0,top,SW2,,KEY-SMD_L3.0-W2.5-LS4.0,SW_DIP_x01,tht,True
141.05,-70.94,0.0,top,TP10,,TestPoint_Pad_D1.0mm,TestPoint,tht,True
149.42,-77.49,0.0,top,TP11,,TestPoint_Pad_D1.0mm,TestPoint,tht,True
135.17,-49.79,0.0,top,TP16,,TestPoint_Pad_D2.0mm,TestPoint,tht,True
145.64,-45.36,0.0,top,TP9,,TestPoint_Pad_D1.0mm,TestPoint,tht,True
133.0175,-45.03,-90.0,top,U1,,SOT-23-5_L3.0-W1.7-P0.95-LS2.8-BL,MCP73831T-2ACI/OT,smt,True
141.08,-45.88,-90.0,top,U2,,WDFN-6_L2.0-W2.0-P0.65-BL-EP,XB6096I2SV,tht,True
142.680167,-56.3,0.0,top,U3,,QFN-40_L5.0-W5.0-P0.40-TL-EP3.6,NRF52833-QDAA-R7,smt,True
147.44,-50.59,90.0,top,Y1,,CRYSTAL-SMD_4P-L2.0-W1.6-BL,XL7EL89CKI-111YLC-32M ,smt,True
138.66,-53.83,90.0,top,Y2,,CRYSTAL-SMD_L1.6-W1.0, X161032768KLD2SI,smt,True
