﻿designator,quantity,value,pack,mpn,mount_type
ANT1,1,~,Texas_SWRA117D_2.4GHz_Left,,tht
BT1,1,Battery,CONN-TH_1.25-2AW,,tht
"C1, C7",2,1u,C_0402_1005Metric_Pad0.74x0.62mm_HandSolder,,smt
"C10, C12, C9",3,4.7u,C_0402_1005Metric_Pad0.74x0.62mm_HandSolder,,smt
C11,1,100p,C_0402_1005Metric_Pad0.74x0.62mm_HandSolder,,smt
"C13, C19",2,10u,C_0402_1005Metric_Pad0.74x0.62mm_HandSolder,,smt
"C14, C18, C2, C6",4,100n,C_0402_1005Metric_Pad0.74x0.62mm_HandSolder,,smt
"C15, C16",2,8p,C_0402_1005Metric_Pad0.74x0.62mm_HandSolder,,smt
C17,1,NC,C_0402_1005Metric_Pad0.74x0.62mm_HandSolder,,smt
"C3, C4",2,12p,C_0402_1005Metric_Pad0.74x0.62mm_HandSolder,,smt
C5,1,1.2p,C_0402_1005Metric_Pad0.74x0.62mm_HandSolder,,smt
C8,1,1p,C_0402_1005Metric_Pad0.74x0.62mm_HandSolder,,smt
D1,1,RED LED,LED_0603_1608Metric_Pad1.05x0.95mm_HandSolder,,smt
D2,1,USBLC6-2SC6_C2687116,SOT-23-6_L2.9-W1.6-P0.95-LS2.8-BL,,smt
D4,1,BLUE LED,LED_0603_1608Metric_Pad1.05x0.95mm_HandSolder,,smt
J1,1,Screw_Terminal_01x01,CONN-SMD_custom1,,smt
J2,1,Screw_Terminal_01x02,CONN-SMD_2059-302,,smt
J3,1,USB_C_Receptacle,TYPE-C-SMD_C9900025773,,smt
L1,1,4.7n,L_0402_1005Metric_Pad0.77x0.64mm_HandSolder,,smt
L2,1,2.2n,L_0402_1005Metric_Pad0.77x0.64mm_HandSolder,,smt
"R1, R2",2,2k,R_0402_1005Metric_Pad0.72x0.64mm_HandSolder,,smt
"R10, R11",2,5k1,R_0402_1005Metric_Pad0.72x0.64mm_HandSolder,,smt
R12,1,220,R_0402_1005Metric_Pad0.72x0.64mm_HandSolder,,smt
R13,1,100k,R_0402_1005Metric_Pad0.72x0.64mm_HandSolder,,smt
R14,1,33k,R_0402_1005Metric_Pad0.72x0.64mm_HandSolder,,smt
R3,1,100,R_0402_1005Metric_Pad0.72x0.64mm_HandSolder,,smt
R4,1,4k99,R_0402_1005Metric_Pad0.72x0.64mm_HandSolder,,smt
"R5, R6, R7, R8",4,NF,R_0201_0603Metric,,smt
R9,1,470,R_0402_1005Metric_Pad0.72x0.64mm_HandSolder,,smt
SW1,1,TK-6580B-1,SW-TH_TK-6580B-1,,tht
SW2,1,SW_DIP_x01,KEY-SMD_L3.0-W2.5-LS4.0,,tht
"TP10, TP11, TP9",3,TestPoint,TestPoint_Pad_D1.0mm,,tht
TP16,1,TestPoint,TestPoint_Pad_D2.0mm,,tht
U1,1,MCP73831T-2ACI/OT,SOT-23-5_L3.0-W1.7-P0.95-LS2.8-BL,,smt
U2,1,XB6096I2SV,WDFN-6_L2.0-W2.0-P0.65-BL-EP,,tht
U3,1,NRF52833-QDAA-R7,QFN-40_L5.0-W5.0-P0.40-TL-EP3.6,,smt
Y1,1,XL7EL89CKI-111YLC-32M ,CRYSTAL-SMD_4P-L2.0-W1.6-BL,,smt
Y2,1, X161032768KLD2SI,CRYSTAL-SMD_L1.6-W1.0,,smt
