﻿designator,quantity,value,pack,mpn,mount_type
"C1, C3",2,10u,C_0402_1005Metric_Pad0.74x0.62mm_HandSolder,,smt
C2,1,100n,C_0402_1005Metric_Pad0.74x0.62mm_HandSolder,,smt
D1,1,WHITE LED,LED_0603_1608Metric_Pad1.05x0.95mm_HandSolder,,smt
"J1, J2",2,Conn_01x10_Pin,HDR-TH_10P-P1.27-H-M-R2-C7-S1.27-W7.5-N,,tht
"R1, R3",2,2k,R_0402_1005Metric_Pad0.72x0.64mm_HandSolder,,smt
R2,1,100,R_0402_1005Metric_Pad0.72x0.64mm_HandSolder,,smt
U1,1,MCP73831T-2ACI/OT,SOT-23-5_L3.0-W1.7-P0.95-LS2.8-BL,,smt
U2,1,XB6096I2SV,WDFN-6_L2.0-W2.0-P0.65-BL-EP,,tht
