﻿pos_x,pos_y,rotation,side,designator,mpn,pack,value,mount_type,place
166.765,-60.88,0.0,top,C1,,C_0402_1005Metric_Pad0.74x0.62mm_HandSolder,10u,smt,True
166.765,-62.85,0.0,top,C2,,C_0402_1005Metric_Pad0.74x0.62mm_HandSolder,100n,smt,True
166.765,-64.82,0.0,top,C3,,C_0402_1005Metric_Pad0.74x0.62mm_HandSolder,10u,smt,True
168.68,-56.49,0.0,top,D1,,LED_0603_1608Metric_Pad1.05x0.95mm_HandSolder,WHITE LED,smt,True
167.11,-69.495,0.0,top,J1,,HDR-TH_10P-P1.27-H-M-R2-C7-S1.27-W7.5-N,Conn_01x10_Pin,tht,True
180.035,-69.495,0.0,top,J2,,HDR-TH_10P-P1.27-H-M-R2-C7-S1.27-W7.5-N,Conn_01x10_Pin,tht,True
163.535,-60.89,0.0,top,R1,,R_0402_1005Metric_Pad0.72x0.64mm_HandSolder,2k,smt,True
163.535,-62.88,0.0,top,R2,,R_0402_1005Metric_Pad0.72x0.64mm_HandSolder,100,smt,True
163.535,-64.87,0.0,top,R3,,R_0402_1005Metric_Pad0.72x0.64mm_HandSolder,2k,smt,True
164.36,-57.435,0.0,top,U1,,SOT-23-5_L3.0-W1.7-P0.95-LS2.8-BL,MCP73831T-2ACI/OT,smt,True
170.055,-61.565,0.0,top,U2,,WDFN-6_L2.0-W2.0-P0.65-BL-EP,XB6096I2SV,tht,True
