﻿Designator,Quantity,Value,Footprint,Package,MPN,Mount_Type
"ANT1, ANT2",2,~,Texas_SWRA117D_2.4GHz_Left,,,tht
BT1,1,Battery Pimoroni 1200mAh,CONN-TH_S2B-PH-K-S-LF-SN,,,tht
"BT2, BT3",2,Battery Gens ace 200mAh 1S 45C 3.7V,CONN-TH_530480210,,,tht
"C1, C11, C13, C16, C18, C19, C2, C20, C25, C30, C33, C41, C46, C49, C57, C60, C63, C64",18,100n,C_0402_1005Metric_Pad0.74x0.62mm_HandSolder,,,smt
"C10, C9",2,22u,C_0603_1608Metric_Pad1.08x0.95mm_HandSolder,,,smt
"C12, C14, C23, C3, C34, C38, C50, C54",8,1u,C_0402_1005Metric_Pad0.74x0.62mm_HandSolder,,,smt
"C15, C17, C28, C29, C31, C44, C45, C47, C6, C7",10,4.7u,C_0402_1005Metric_Pad0.74x0.62mm_HandSolder,,,smt
"C21, C22",2,18p,C_0402_1005Metric_Pad0.74x0.62mm_HandSolder,,,smt
"C24, C26, C59, C61, C8",5,10u,C_0402_1005Metric_Pad0.74x0.62mm_HandSolder,,,smt
"C27, C32, C43, C48",4,8p,C_0402_1005Metric_Pad0.74x0.62mm_HandSolder,,,smt
"C35, C51",2,1p,C_0402_1005Metric_Pad0.74x0.62mm_HandSolder,,,smt
"C36, C52",2,100p,C_0402_1005Metric_Pad0.74x0.62mm_HandSolder,,,smt
"C37, C53",2,1.2p,C_0402_1005Metric_Pad0.74x0.62mm_HandSolder,,,smt
"C39, C55",2,NC,C_0402_1005Metric_Pad0.74x0.62mm_HandSolder,,,smt
"C4, C5",2,2.2u,C_0402_1005Metric_Pad0.74x0.62mm_HandSolder,,,smt
"C40, C42, C56, C58",4,12p,C_0402_1005Metric_Pad0.74x0.62mm_HandSolder,,,smt
D1,1,LED,LED_0603_1608Metric_Pad1.05x0.95mm_HandSolder,,,smt
"D10, D3, D4, D5, D8",5,BLUE LED,LED_0603_1608Metric_Pad1.05x0.95mm_HandSolder,,,smt
"D11, D7",2,RED LED,LED_0603_1608Metric_Pad1.05x0.95mm_HandSolder,,,smt
"D12, D13",2,2758,SOL320P540X170-4N,SMD-4 Adafruit Industries,,smt
D2,1,BLUE RED,LED_0603_1608Metric_Pad1.05x0.95mm_HandSolder,,,smt
"D6, D9",2,USBLC6-2SC6_C2687116,SOT-23-6_L2.9-W1.6-P0.95-LS2.8-BL,,,smt
"J1, J3, J6",3,USB_C_Receptacle,TYPE-C-SMD_C9900025773,,,smt
J2,1,Conn_01x10_Socket,HDR-TH_10P-P1.27-V-M-R2-C5-S1.27-1,,,tht
"J4, J7",2,Screw_Terminal_01x01,CONN-SMD_custom1,,,smt
"J5, J8",2,Screw_Terminal_01x02,CONN-SMD_2059-302,,,smt
L1,1,4.7u,IND-SMD_L4.5-W4.1,,,smt
"L2, L4",2,4.7n,L_0402_1005Metric_Pad0.77x0.64mm_HandSolder,,,smt
"L3, L5",2,2.2n,L_0402_1005Metric_Pad0.77x0.64mm_HandSolder,,,smt
"P1, P2",2,USB_C_Plug,USB-C-SMD_TYPE-C-24P-GTJB-040,,,tht
"R1, R24, R25, R38, R39, R4",6,5k1,R_0402_1005Metric_Pad0.72x0.64mm_HandSolder,,,smt
"R10, R26, R37, R48, R49",5,2k,R_0402_1005Metric_Pad0.72x0.64mm_HandSolder,,,smt
"R11, R12, R5, R6",4,1k,R_0402_1005Metric_Pad0.72x0.64mm_HandSolder,,,smt
R13,1,732,R_0402_1005Metric_Pad0.72x0.64mm_HandSolder,,,smt
"R14, R34, R45",3,100k,R_0402_1005Metric_Pad0.72x0.64mm_HandSolder,,,smt
"R15, R16, R29, R40",4,220,R_0402_1005Metric_Pad0.72x0.64mm_HandSolder,,,smt
"R17, R18, R19, R28, R51",5,100,R_0402_1005Metric_Pad0.72x0.64mm_HandSolder,,,smt
R20,1,12k,R_0402_1005Metric_Pad0.72x0.64mm_HandSolder,,,smt
"R21, R22, R23, R9",4,10k,R_0402_1005Metric_Pad0.72x0.64mm_HandSolder,,,smt
"R27, R50",2,4k99,R_0402_1005Metric_Pad0.72x0.64mm_HandSolder,,,smt
"R30, R31, R32, R33, R41, R42, R43, R44",8,NF,R_0201_0603Metric,,,smt
"R35, R46",2,33k,R_0402_1005Metric_Pad0.72x0.64mm_HandSolder,,,smt
"R36, R47",2,470,R_0402_1005Metric_Pad0.72x0.64mm_HandSolder,,,smt
R7,1,1.18k,R_0402_1005Metric_Pad0.72x0.64mm_HandSolder,,,smt
R8,1,1.78k,R_0402_1005Metric_Pad0.72x0.64mm_HandSolder,,,smt
"SW1, SW3",2,TK-6580B-1,SW-TH_TK-6580B-1,,,tht
"SW2, SW4",2,SW_DIP_x01,KEY-SMD_L3.0-W2.5-LS4.0,,,tht
"TP1, TP10, TP11, TP12, TP13, TP14, TP15, TP17, TP18, TP19, TP2, TP28, TP3, TP4, TP5, TP6, TP7, TP8, TP9, TPL3",20,TestPoint,TestPoint_Pad_D1.0mm,,,tht
"TP16, TP20",2,TestPoint,TestPoint_Pad_D2.0mm,,,tht
"TP21, TP22, TP23, TP24, TP25, TP26",6,TestPoint,TestPoint_THTPad_D1.0mm_Drill0.5mm,,,tht
U1,1,AMS1117-3.3,SOT-223-3_TabPin2,,,smt
"U10, U9",2,NRF52833-QDAA-R7,QFN-40_L5.0-W5.0-P0.40-TL-EP3.6,,,smt
"U11, U7",2,MCP73831T-2ACI/OT,SOT-23-5_L3.0-W1.7-P0.95-LS2.8-BL,,,smt
"U12, U8",2,XB6096I2SV,WDFN-6_L2.0-W2.0-P0.65-BL-EP,,,tht
U2,1,BQ24073RGT,VQFN-16-1EP_3x3mm_P0.5mm_EP1.6x1.6mm,,,smt
U3,1,TPS61023DRLR,SOT-563_L1.6-W1.2-P0.50-LS1.6-BR,,,smt
"U4, U6",2,SIP32509DT-T1-GE3,SOT-23-6_Handsoldering,,,smt
U5,1,USB2422T-I/MJ,HVQFN-24-1EP_4x4mm_P0.5mm_EP2.5x2.5mm_ThermalVias,,,smt
Y1,1,X322524MOB4SI,CRYSTAL-SMD_4P-L3.2-W2.5-BL,,,smt
"Y2, Y4",2, X161032768KLD2SI,CRYSTAL-SMD_L1.6-W1.0,,,smt
"Y3, Y5",2,XL7EL89CKI-111YLC-32M ,CRYSTAL-SMD_4P-L2.0-W1.6-BL,,,smt
