﻿pos_x,pos_y,rotation,side,designator,mpn,pack,footprint,value,mount_type,place
107.176892,-133.543634,90.0,top,ANT1,,,Texas_SWRA117D_2.4GHz_Left,~,tht,True
182.36,-142.62,-90.0,top,ANT2,,,Texas_SWRA117D_2.4GHz_Left,~,tht,True
145.35,-128.34,0.0,bottom,BT1,,,CONN-TH_S2B-PH-K-S-LF-SN,Battery Pimoroni 1200mAh,tht,True
112.91,-144.69,0.0,bottom,BT2,,,CONN-TH_530480210,Battery Gens ace 200mAh 1S 45C 3.7V,tht,True
176.853108,-144.69,0.0,bottom,BT3,,,CONN-TH_530480210,Battery Gens ace 200mAh 1S 45C 3.7V,tht,True
122.146443,-97.903557,180.0,top,C1,,,C_0402_1005Metric_Pad0.74x0.62mm_HandSolder,100n,smt,True
130.888943,-106.233557,0.0,top,C10,,,C_0603_1608Metric_Pad1.08x0.95mm_HandSolder,22u,smt,True
157.0225,-105.32,180.0,top,C11,,,C_0402_1005Metric_Pad0.74x0.62mm_HandSolder,100n,smt,True
150.826943,-109.650057,-90.0,top,C12,,,C_0402_1005Metric_Pad0.74x0.62mm_HandSolder,1u,smt,True
148.528943,-102.053557,0.0,top,C13,,,C_0402_1005Metric_Pad0.74x0.62mm_HandSolder,100n,smt,True
150.219443,-111.227557,0.0,top,C14,,,C_0402_1005Metric_Pad0.74x0.62mm_HandSolder,1u,smt,True
148.078943,-107.963557,0.0,top,C15,,,C_0402_1005Metric_Pad0.74x0.62mm_HandSolder,4.7u,smt,True
140.556443,-97.683557,-90.0,top,C16,,,C_0402_1005Metric_Pad0.74x0.62mm_HandSolder,100n,smt,True
134.596443,-97.7175,-90.0,top,C17,,,C_0402_1005Metric_Pad0.74x0.62mm_HandSolder,4.7u,smt,True
153.616943,-115.850057,90.0,top,C18,,,C_0402_1005Metric_Pad0.74x0.62mm_HandSolder,100n,smt,True
155.496943,-114.78,90.0,top,C19,,,C_0402_1005Metric_Pad0.74x0.62mm_HandSolder,100n,smt,True
168.426443,-91.023557,0.0,top,C2,,,C_0402_1005Metric_Pad0.74x0.62mm_HandSolder,100n,smt,True
157.41,-107.3075,-90.0,top,C20,,,C_0402_1005Metric_Pad0.74x0.62mm_HandSolder,100n,smt,True
158.879443,-113.455,0.0,top,C21,,,C_0402_1005Metric_Pad0.74x0.62mm_HandSolder,18p,smt,True
159.046943,-108.435,0.0,top,C22,,,C_0402_1005Metric_Pad0.74x0.62mm_HandSolder,18p,smt,True
151.736943,-116.765057,90.0,top,C23,,,C_0402_1005Metric_Pad0.74x0.62mm_HandSolder,1u,smt,True
125.73,-142.6885,-90.0,top,C24,,,C_0402_1005Metric_Pad0.74x0.62mm_HandSolder,10u,smt,True
115.4605,-143.973634,180.0,top,C25,,,C_0402_1005Metric_Pad0.74x0.62mm_HandSolder,100n,smt,True
120.396,-142.5535,-90.0,top,C26,,,C_0402_1005Metric_Pad0.74x0.62mm_HandSolder,10u,smt,True
118.706892,-136.513634,90.0,top,C27,,,C_0402_1005Metric_Pad0.74x0.62mm_HandSolder,8p,smt,True
118.017363,-131.351516,90.0,top,C28,,,C_0402_1005Metric_Pad0.74x0.62mm_HandSolder,4.7u,smt,True
117.867363,-128.984016,-90.0,top,C29,,,C_0402_1005Metric_Pad0.74x0.62mm_HandSolder,4.7u,smt,True
129.361231,-121.816345,-90.0,top,C3,,,C_0402_1005Metric_Pad0.74x0.62mm_HandSolder,1u,smt,True
111.84,-127.44,180.0,top,C30,,,C_0402_1005Metric_Pad0.74x0.62mm_HandSolder,100n,smt,True
116.927363,-127.491516,-90.0,top,C31,,,C_0402_1005Metric_Pad0.74x0.62mm_HandSolder,4.7u,smt,True
119.636892,-136.513634,90.0,top,C32,,,C_0402_1005Metric_Pad0.74x0.62mm_HandSolder,8p,smt,True
117.676892,-136.513634,90.0,top,C33,,,C_0402_1005Metric_Pad0.74x0.62mm_HandSolder,100n,smt,True
115.669392,-137.283634,0.0,top,C34,,,C_0402_1005Metric_Pad0.74x0.62mm_HandSolder,1u,smt,True
109.666892,-129.413634,90.0,top,C35,,,C_0402_1005Metric_Pad0.74x0.62mm_HandSolder,1p,smt,True
109.636892,-133.071134,-90.0,top,C36,,,C_0402_1005Metric_Pad0.74x0.62mm_HandSolder,100p,smt,True
108.076892,-129.803634,180.0,top,C37,,,C_0402_1005Metric_Pad0.74x0.62mm_HandSolder,1.2p,smt,True
115.669392,-135.423634,180.0,top,C38,,,C_0402_1005Metric_Pad0.74x0.62mm_HandSolder,1u,smt,True
115.669392,-136.353634,180.0,top,C39,,,C_0402_1005Metric_Pad0.74x0.62mm_HandSolder,NC,smt,True
140.236443,-104.263557,0.0,top,C4,,,C_0402_1005Metric_Pad0.74x0.62mm_HandSolder,2.2u,smt,True
109.674392,-139.583634,0.0,top,C40,,,C_0402_1005Metric_Pad0.74x0.62mm_HandSolder,12p,smt,True
114.186892,-141.903634,90.0,top,C41,,,C_0402_1005Metric_Pad0.74x0.62mm_HandSolder,100n,smt,True
109.664392,-135.193634,180.0,top,C42,,,C_0402_1005Metric_Pad0.74x0.62mm_HandSolder,12p,smt,True
176.8435,-128.762,180.0,top,C43,,,C_0402_1005Metric_Pad0.74x0.62mm_HandSolder,8p,smt,True
174.73,-131.318,-90.0,top,C44,,,C_0402_1005Metric_Pad0.74x0.62mm_HandSolder,4.7u,smt,True
173.78,-131.318,-90.0,top,C45,,,C_0402_1005Metric_Pad0.74x0.62mm_HandSolder,4.7u,smt,True
170.76,-136.77,180.0,top,C46,,,C_0402_1005Metric_Pad0.74x0.62mm_HandSolder,100n,smt,True
172.51,-132.0725,-90.0,top,C47,,,C_0402_1005Metric_Pad0.74x0.62mm_HandSolder,4.7u,smt,True
176.46,-130.14,180.0,top,C48,,,C_0402_1005Metric_Pad0.74x0.62mm_HandSolder,8p,smt,True
179.2595,-132.38,180.0,top,C49,,,C_0402_1005Metric_Pad0.74x0.62mm_HandSolder,100n,smt,True
143.056443,-105.543557,0.0,top,C5,,,C_0402_1005Metric_Pad0.74x0.62mm_HandSolder,2.2u,smt,True
179.2645,-133.31,180.0,top,C50,,,C_0402_1005Metric_Pad0.74x0.62mm_HandSolder,1u,smt,True
180.83,-144.76,0.0,top,C51,,,C_0402_1005Metric_Pad0.74x0.62mm_HandSolder,1p,smt,True
177.9025,-140.04,0.0,top,C52,,,C_0402_1005Metric_Pad0.74x0.62mm_HandSolder,100p,smt,True
180.83,-141.47,0.0,top,C53,,,C_0402_1005Metric_Pad0.74x0.62mm_HandSolder,1.2p,smt,True
179.5,-134.28,0.0,top,C54,,,C_0402_1005Metric_Pad0.74x0.62mm_HandSolder,1u,smt,True
181.26,-134.8625,-90.0,top,C55,,,C_0402_1005Metric_Pad0.74x0.62mm_HandSolder,NC,smt,True
180.2675,-136.77,180.0,top,C56,,,C_0402_1005Metric_Pad0.74x0.62mm_HandSolder,12p,smt,True
181.356,-132.6475,90.0,top,C57,,,C_0402_1005Metric_Pad0.74x0.62mm_HandSolder,100n,smt,True
180.34,-140.462,0.0,top,C58,,,C_0402_1005Metric_Pad0.74x0.62mm_HandSolder,12p,smt,True
168.656,-142.24,-90.0,top,C59,,,C_0402_1005Metric_Pad0.74x0.62mm_HandSolder,10u,smt,True
132.738731,-124.836345,0.0,top,C6,,,C_0402_1005Metric_Pad0.74x0.62mm_HandSolder,4.7u,smt,True
172.8,-141.95,180.0,top,C60,,,C_0402_1005Metric_Pad0.74x0.62mm_HandSolder,100n,smt,True
163.068,-142.24,-90.0,top,C61,,,C_0402_1005Metric_Pad0.74x0.62mm_HandSolder,10u,smt,True
153.612501,-149.960001,180.0,bottom,C63,,,C_0402_1005Metric_Pad0.74x0.62mm_HandSolder,100n,smt,True
139.120001,-150.040001,180.0,bottom,C64,,,C_0402_1005Metric_Pad0.74x0.62mm_HandSolder,100n,smt,True
134.781231,-123.238845,90.0,top,C7,,,C_0402_1005Metric_Pad0.74x0.62mm_HandSolder,4.7u,smt,True
131.376443,-113.211057,-90.0,top,C8,,,C_0402_1005Metric_Pad0.74x0.62mm_HandSolder,10u,smt,True
130.888943,-104.763557,0.0,top,C9,,,C_0603_1608Metric_Pad1.08x0.95mm_HandSolder,22u,smt,True
140.081443,-117.813557,180.0,top,D1,,,LED_0603_1608Metric_Pad1.05x0.95mm_HandSolder,LED,smt,True
172.705,-144.393634,0.0,bottom,D10,,,LED_0603_1608Metric_Pad1.05x0.95mm_HandSolder,BLUE LED,smt,True
172.75,-142.183634,0.0,bottom,D11,,,LED_0603_1608Metric_Pad1.05x0.95mm_HandSolder,RED LED,smt,True
152.870001,-151.570001,180.0,top,D12,,SMD-4 Adafruit Industries,SOL320P540X170-4N,2758,smt,True
138.260001,-151.530001,180.0,top,D13,,SMD-4 Adafruit Industries,SOL320P540X170-4N,2758,smt,True
140.97,-122.315,-90.0,top,D2,,,LED_0603_1608Metric_Pad1.05x0.95mm_HandSolder,BLUE RED,smt,True
149.352,-122.315,90.0,top,D3,,,LED_0603_1608Metric_Pad1.05x0.95mm_HandSolder,BLUE LED,smt,True
142.861443,-98.153557,180.0,top,D4,,,LED_0603_1608Metric_Pad1.05x0.95mm_HandSolder,BLUE LED,smt,True
148.371443,-99.613557,180.0,top,D5,,,LED_0603_1608Metric_Pad1.05x0.95mm_HandSolder,BLUE LED,smt,True
117.326892,-121.763634,180.0,top,D6,,,SOT-23-6_L2.9-W1.6-P0.95-LS2.8-BL,USBLC6-2SC6_C2687116,smt,True
117.091892,-144.393634,180.0,bottom,D7,,,LED_0603_1608Metric_Pad1.05x0.95mm_HandSolder,RED LED,smt,True
117.091892,-142.183634,180.0,bottom,D8,,,LED_0603_1608Metric_Pad1.05x0.95mm_HandSolder,BLUE LED,smt,True
173.33,-126.83,180.0,top,D9,,,SOT-23-6_L2.9-W1.6-P0.95-LS2.8-BL,USBLC6-2SC6_C2687116,smt,True
145.261443,-128.881057,0.0,top,J1,,,TYPE-C-SMD_C9900025773,USB_C_Receptacle,smt,True
154.463943,-128.028557,0.0,bottom,J2,,,HDR-TH_10P-P1.27-V-M-R2-C5-S1.27-1,Conn_01x10_Socket,tht,True
110.976892,-121.323634,-90.0,top,J3,,,TYPE-C-SMD_C9900025773,USB_C_Receptacle,smt,True
117.496892,-111.713634,90.0,top,J4,,,CONN-SMD_custom1,Screw_Terminal_01x01,smt,True
111.496892,-111.713634,90.0,top,J5,,,CONN-SMD_2059-302,Screw_Terminal_01x02,smt,True
178.61,-121.323634,90.0,top,J6,,,TYPE-C-SMD_C9900025773,USB_C_Receptacle,smt,True
181.318171,-111.721484,90.0,top,J7,,,CONN-SMD_custom1,Screw_Terminal_01x01,smt,True
175.358171,-111.731484,90.0,top,J8,,,CONN-SMD_2059-302,Screw_Terminal_01x02,smt,True
134.73,-110.487,-90.0,top,L1,,,IND-SMD_L4.5-W4.1,4.7u,smt,True
109.036892,-131.253634,180.0,top,L2,,,L_0402_1005Metric_Pad0.77x0.64mm_HandSolder,4.7n,smt,True
108.416892,-132.956134,-90.0,top,L3,,,L_0402_1005Metric_Pad0.77x0.64mm_HandSolder,2.2n,smt,True
180.22,-143.0825,90.0,top,L4,,,L_0402_1005Metric_Pad0.77x0.64mm_HandSolder,4.7n,smt,True
181.44,-143.12,-90.0,top,L5,,,L_0402_1005Metric_Pad0.77x0.64mm_HandSolder,2.2n,smt,True
120.016443,-94.413557,-90.0,top,P1,,,USB-C-SMD_TYPE-C-24P-GTJB-040,USB_C_Plug,tht,True
170.508943,-94.443557,90.0,top,P2,,,USB-C-SMD_TYPE-C-24P-GTJB-040,USB_C_Plug,tht,True
143.648943,-124.263557,0.0,top,R1,,,R_0402_1005Metric_Pad0.72x0.64mm_HandSolder,5k1,smt,True
139.628943,-116.423557,0.0,top,R10,,,R_0402_1005Metric_Pad0.72x0.64mm_HandSolder,2k,smt,True
134.801231,-125.503845,90.0,top,R11,,,R_0402_1005Metric_Pad0.72x0.64mm_HandSolder,1k,smt,True
134.353731,-119.526345,180.0,top,R12,,,R_0402_1005Metric_Pad0.72x0.64mm_HandSolder,1k,smt,True
129.883943,-109.993557,180.0,top,R13,,,R_0402_1005Metric_Pad0.72x0.64mm_HandSolder,732,smt,True
129.846443,-111.413557,0.0,top,R14,,,R_0402_1005Metric_Pad0.72x0.64mm_HandSolder,100k,smt,True
141.308943,-99.443557,0.0,top,R15,,,R_0402_1005Metric_Pad0.72x0.64mm_HandSolder,220,smt,True
148.528943,-101.093557,180.0,top,R16,,,R_0402_1005Metric_Pad0.72x0.64mm_HandSolder,220,smt,True
150.2375,-113.07,0.0,top,R17,,,R_0402_1005Metric_Pad0.72x0.64mm_HandSolder,100,smt,True
151.7575,-114.15,0.0,top,R18,,,R_0402_1005Metric_Pad0.72x0.64mm_HandSolder,100,smt,True
154.556943,-116.145057,90.0,top,R19,,,R_0402_1005Metric_Pad0.72x0.64mm_HandSolder,100,smt,True
156.38,-107.2875,-90.0,top,R20,,,R_0402_1005Metric_Pad0.72x0.64mm_HandSolder,12k,smt,True
151.769443,-115.097557,180.0,top,R21,,,R_0402_1005Metric_Pad0.72x0.64mm_HandSolder,10k,smt,True
152.676943,-116.795057,90.0,top,R22,,,R_0402_1005Metric_Pad0.72x0.64mm_HandSolder,10k,smt,True
150.009443,-116.227557,180.0,top,R23,,,R_0402_1005Metric_Pad0.72x0.64mm_HandSolder,10k,smt,True
116.744392,-119.333634,180.0,top,R24,,,R_0402_1005Metric_Pad0.72x0.64mm_HandSolder,5k1,smt,True
108.25,-127.82,90.0,top,R25,,,R_0402_1005Metric_Pad0.72x0.64mm_HandSolder,5k1,smt,True
117.7665,-144.272,0.0,top,R26,,,R_0402_1005Metric_Pad0.72x0.64mm_HandSolder,2k,smt,True
120.0525,-144.78,180.0,top,R27,,,R_0402_1005Metric_Pad0.72x0.64mm_HandSolder,4k99,smt,True
115.4805,-144.911516,0.0,top,R28,,,R_0402_1005Metric_Pad0.72x0.64mm_HandSolder,100,smt,True
118.5285,-143.283634,180.0,top,R29,,,R_0402_1005Metric_Pad0.72x0.64mm_HandSolder,220,smt,True
113.576892,-127.293634,90.0,top,R30,,,R_0201_0603Metric,NF,smt,True
110.07,-127.57,90.0,top,R31,,,R_0201_0603Metric,NF,smt,True
114.326892,-127.753634,-90.0,top,R32,,,R_0201_0603Metric,NF,smt,True
111.45,-128.4,0.0,top,R33,,,R_0201_0603Metric,NF,smt,True
112.494392,-139.903634,180.0,top,R34,,,R_0402_1005Metric_Pad0.72x0.64mm_HandSolder,100k,smt,True
112.494392,-138.903634,0.0,top,R35,,,R_0402_1005Metric_Pad0.72x0.64mm_HandSolder,33k,smt,True
107.64,-113.9225,-90.0,top,R36,,,R_0402_1005Metric_Pad0.72x0.64mm_HandSolder,470,smt,True
113.076892,-141.883634,-90.0,top,R37,,,R_0402_1005Metric_Pad0.72x0.64mm_HandSolder,2k,smt,True
173.16,-122.9775,90.0,top,R38,,,R_0402_1005Metric_Pad0.72x0.64mm_HandSolder,5k1,smt,True
182.09,-115.1275,-90.0,top,R39,,,R_0402_1005Metric_Pad0.72x0.64mm_HandSolder,5k1,smt,True
146.906443,-129.153557,180.0,bottom,R4,,,R_0402_1005Metric_Pad0.72x0.64mm_HandSolder,5k1,smt,True
176.8735,-127.762,180.0,top,R40,,,R_0402_1005Metric_Pad0.72x0.64mm_HandSolder,220,smt,True
169.82,-135.6,180.0,top,R41,,,R_0201_0603Metric,NF,smt,True
172.375,-138.938,180.0,top,R42,,,R_0201_0603Metric,NF,smt,True
171.235,-135.6,0.0,top,R43,,,R_0201_0603Metric,NF,smt,True
170.26,-138.42,0.0,top,R44,,,R_0201_0603Metric,NF,smt,True
167.8325,-139.13,180.0,top,R45,,,R_0402_1005Metric_Pad0.72x0.64mm_HandSolder,100k,smt,True
167.6925,-138.15,0.0,top,R46,,,R_0402_1005Metric_Pad0.72x0.64mm_HandSolder,33k,smt,True
181.356,-127.4775,-90.0,top,R47,,,R_0402_1005Metric_Pad0.72x0.64mm_HandSolder,470,smt,True
181.356,-129.6775,90.0,top,R48,,,R_0402_1005Metric_Pad0.72x0.64mm_HandSolder,2k,smt,True
170.26,-144.19,180.0,top,R49,,,R_0402_1005Metric_Pad0.72x0.64mm_HandSolder,2k,smt,True
122.146443,-97.903557,0.0,bottom,R5,,,R_0402_1005Metric_Pad0.72x0.64mm_HandSolder,1k,smt,True
165.1815,-144.942,0.0,top,R50,,,R_0402_1005Metric_Pad0.72x0.64mm_HandSolder,4k99,smt,True
175.006,-144.685,90.0,top,R51,,,R_0402_1005Metric_Pad0.72x0.64mm_HandSolder,100,smt,True
168.388943,-91.033557,180.0,bottom,R6,,,R_0402_1005Metric_Pad0.72x0.64mm_HandSolder,1k,smt,True
130.968731,-119.436345,0.0,top,R7,,,R_0402_1005Metric_Pad0.72x0.64mm_HandSolder,1.18k,smt,True
129.351231,-124.263845,-90.0,top,R8,,,R_0402_1005Metric_Pad0.72x0.64mm_HandSolder,1.78k,smt,True
130.481231,-125.496345,90.0,top,R9,,,R_0402_1005Metric_Pad0.72x0.64mm_HandSolder,10k,smt,True
121.819392,-140.411134,180.0,bottom,SW1,,,SW-TH_TK-6580B-1,TK-6580B-1,tht,True
116.216892,-139.303634,0.0,top,SW2,,,KEY-SMD_L3.0-W2.5-LS4.0,SW_DIP_x01,tht,True
167.79,-140.411134,180.0,bottom,SW3,,,SW-TH_TK-6580B-1,TK-6580B-1,tht,True
179.578,-129.43,90.0,top,SW4,,,KEY-SMD_L3.0-W2.5-LS4.0,SW_DIP_x01,tht,True
153.746443,-125.973557,90.0,top,TP1,,,TestPoint_Pad_D1.0mm,TestPoint,tht,True
136.144,-101.346,180.0,top,TP10,,,TestPoint_Pad_D1.0mm,TestPoint,tht,True
158.756443,-101.103557,90.0,top,TP11,,,TestPoint_Pad_D1.0mm,TestPoint,tht,True
126.906443,-96.683557,90.0,top,TP12,,,TestPoint_Pad_D1.0mm,TestPoint,tht,True
111.436892,-142.583634,180.0,top,TP13,,,TestPoint_Pad_D1.0mm,TestPoint,tht,True
116.03,-117.25,180.0,top,TP14,,,TestPoint_Pad_D1.0mm,TestPoint,tht,True
107.67,-111.68,180.0,top,TP15,,,TestPoint_Pad_D1.0mm,TestPoint,tht,True
121.666,-138.176,180.0,top,TP16,,,TestPoint_Pad_D2.0mm,TestPoint,tht,True
170.329999,-141.99,0.0,top,TP17,,,TestPoint_Pad_D1.0mm,TestPoint,tht,True
181.98,-112.11,0.0,top,TP18,,,TestPoint_Pad_D1.0mm,TestPoint,tht,True
171.48,-115.3,0.0,top,TP19,,,TestPoint_Pad_D1.0mm,TestPoint,tht,True
153.796443,-130.273557,90.0,top,TP2,,,TestPoint_Pad_D1.0mm,TestPoint,tht,True
172.466,-118.11,0.0,top,TP20,,,TestPoint_Pad_D2.0mm,TestPoint,tht,True
150.875787,-147.994215,-90.0,bottom,TP21,,,TestPoint_THTPad_D1.0mm_Drill0.5mm,TestPoint,tht,True
152.885787,-147.994215,-90.0,bottom,TP22,,,TestPoint_THTPad_D1.0mm_Drill0.5mm,TestPoint,tht,True
154.905787,-147.994215,-90.0,bottom,TP23,,,TestPoint_THTPad_D1.0mm_Drill0.5mm,TestPoint,tht,True
136.27,-148.16,-90.0,bottom,TP24,,,TestPoint_THTPad_D1.0mm_Drill0.5mm,TestPoint,tht,True
138.28,-148.16,-90.0,bottom,TP25,,,TestPoint_THTPad_D1.0mm_Drill0.5mm,TestPoint,tht,True
140.3,-148.16,-90.0,bottom,TP26,,,TestPoint_THTPad_D1.0mm_Drill0.5mm,TestPoint,tht,True
146.12,-97.7,0.0,top,TP28,,,TestPoint_Pad_D1.0mm,TestPoint,tht,True
151.326443,-124.813557,90.0,top,TP3,,,TestPoint_Pad_D1.0mm,TestPoint,tht,True
158.456443,-128.683557,90.0,top,TP4,,,TestPoint_Pad_D1.0mm,TestPoint,tht,True
155.826443,-130.273557,90.0,top,TP5,,,TestPoint_Pad_D1.0mm,TestPoint,tht,True
151.776443,-130.273557,90.0,top,TP6,,,TestPoint_Pad_D1.0mm,TestPoint,tht,True
142.556443,-116.443557,180.0,top,TP7,,,TestPoint_Pad_D1.0mm,TestPoint,tht,True
132.151231,-126.476345,180.0,top,TP8,,,TestPoint_Pad_D1.0mm,TestPoint,tht,True
133.496443,-115.213557,180.0,top,TP9,,,TestPoint_Pad_D1.0mm,TestPoint,tht,True
112.522,-136.906,0.0,top,TPL3,,,TestPoint_Pad_D1.0mm,TestPoint,tht,True
141.966443,-110.863557,-90.0,top,U1,,,SOT-223-3_TabPin2,AMS1117-3.3,smt,True
175.22,-135.84,-90.0,top,U10,,,QFN-40_L5.0-W5.0-P0.40-TL-EP3.6,NRF52833-QDAA-R7,smt,True
165.72,-142.91,90.0,top,U11,,,SOT-23-5_L3.0-W1.7-P0.95-LS2.8-BL,MCP73831T-2ACI/OT,smt,True
172.9275,-144.005,90.0,top,U12,,,WDFN-6_L2.0-W2.0-P0.65-BL-EP,XB6096I2SV,tht,True
132.094154,-122.183557,90.0,top,U2,,,VQFN-16-1EP_3x3mm_P0.5mm_EP1.6x1.6mm,BQ24073RGT,smt,True
131.564,-108.233557,-90.0,top,U3,,,SOT-563_L1.6-W1.2-P0.50-LS1.6-BR,TPS61023DRLR,smt,True
148.501443,-105.003557,-90.0,top,U4,,,SOT-23-6_Handsoldering,SIP32509DT-T1-GE3,smt,True
153.98,-111.0425,-90.0,top,U5,,,HVQFN-24-1EP_4x4mm_P0.5mm_EP2.5x2.5mm_ThermalVias,USB2422T-I/MJ,smt,True
137.586443,-98.183557,180.0,top,U6,,,SOT-23-6_Handsoldering,SIP32509DT-T1-GE3,smt,True
122.816,-142.936,90.0,top,U7,,,SOT-23-5_L3.0-W1.7-P0.95-LS2.8-BL,MCP73831T-2ACI/OT,smt,True
115.996892,-142.063634,90.0,top,U8,,,WDFN-6_L2.0-W2.0-P0.65-BL-EP,XB6096I2SV,tht,True
114.396725,-131.643634,180.0,top,U9,,,QFN-40_L5.0-W5.0-P0.40-TL-EP3.6,NRF52833-QDAA-R7,smt,True
159.08,-110.837443,90.0,top,Y1,,,CRYSTAL-SMD_4P-L3.2-W2.5-BL,X322524MOB4SI,smt,True
118.416892,-134.113634,-90.0,top,Y2,,,CRYSTAL-SMD_L1.6-W1.0, X161032768KLD2SI,smt,True
109.636892,-137.353634,-90.0,top,Y3,,,CRYSTAL-SMD_4P-L2.0-W1.6-BL,XL7EL89CKI-111YLC-32M ,smt,True
176.55,-131.47,0.0,top,Y4,,,CRYSTAL-SMD_L1.6-W1.0, X161032768KLD2SI,smt,True
180.2075,-138.58,90.0,top,Y5,,,CRYSTAL-SMD_4P-L2.0-W1.6-BL,XL7EL89CKI-111YLC-32M ,smt,True
