﻿pos_x,pos_y,rotation,side,designator,mpn,pack,value,mount_type,place
149.9,-54.4,-90.0,top,ANT1,,Texas_SWRA117D_2.4GHz_Left,~,tht,True
143.975,-43.45,180.0,bottom,BT1,,CONN-TH_2P-P2.50_HX25035-2WAP,Battery,tht,True
208.7,-28.69,0.0,top,C1,,C_0402_1005Metric_Pad0.74x0.62mm_HandSolder,10u,smt,True
167.505,-69.99,0.0,top,C13,,C_0402_1005Metric_Pad0.74x0.62mm_HandSolder,0.8p,smt,True
193.14,-42.48,0.0,top,C14,,C_0402_1005Metric_Pad0.74x0.62mm_HandSolder,0.8p,smt,True
208.7,-30.66,0.0,top,C2,,C_0402_1005Metric_Pad0.74x0.62mm_HandSolder,100n,smt,True
208.7,-32.63,0.0,top,C3,,C_0402_1005Metric_Pad0.74x0.62mm_HandSolder,10u,smt,True
208.7,-34.6,0.0,top,C4,,C_0402_1005Metric_Pad0.74x0.62mm_HandSolder,4.7u,smt,True
208.7,-36.57,0.0,top,C5,,C_0402_1005Metric_Pad0.74x0.62mm_HandSolder,4.7u,smt,True
193.14,-28.69,0.0,top,C6,,C_0402_1005Metric_Pad0.74x0.62mm_HandSolder,100n,smt,True
193.14,-30.66,0.0,top,C7,,C_0402_1005Metric_Pad0.74x0.62mm_HandSolder,1u,smt,True
193.14,-32.63,0.0,top,C8,,C_0402_1005Metric_Pad0.74x0.62mm_HandSolder,16p,smt,True
193.14,-34.6,0.0,top,C9,,C_0402_1005Metric_Pad0.74x0.62mm_HandSolder,16p,smt,True
184.28,-71.77,0.0,top,D1,,SOT-23-6_L2.9-W1.6-P0.95-LS2.8-BL,USBLC6-2SC6_C2687116,smt,True
215.775,-29.0,0.0,top,D2,,LED_0603_1608Metric_Pad1.05x0.95mm_HandSolder,WHITE LED,smt,True
215.775,-31.59,0.0,top,D3,,LED_0603_1608Metric_Pad1.05x0.95mm_HandSolder,RED LED,smt,True
201.015,-38.15,0.0,top,D4,,LED_0603_1608Metric_Pad1.05x0.95mm_HandSolder,BLUE LED,smt,True
166.39,-64.825,0.0,top,IC1,,QFN-48_L6.0-W6.0-P0.40-BL-EP3.8,nRF52840-QFAA-F-R7,smt,True
138.95,-77.625,-90.0,top,J1,,CONN-SMD_custom1,Screw_Terminal_01x01,smt,True
144.95,-77.625,-90.0,top,J2,,CONN-SMD_2059-302,Screw_Terminal_01x02,smt,True
164.275,-70.0,0.0,top,L1,,L_0402_1005Metric_Pad0.77x0.64mm_HandSolder,3.9n,smt,True
203.47,-30.69,0.0,top,R12,,R_0402_1005Metric_Pad0.72x0.64mm_HandSolder,2k,smt,True
203.47,-32.68,0.0,top,R13,,R_0402_1005Metric_Pad0.72x0.64mm_HandSolder,5k1,smt,True
203.47,-34.67,0.0,top,R14,,R_0402_1005Metric_Pad0.72x0.64mm_HandSolder,5k1,smt,True
211.93,-28.7,0.0,top,R3,,R_0402_1005Metric_Pad0.72x0.64mm_HandSolder,2k,smt,True
211.93,-30.69,0.0,top,R4,,R_0402_1005Metric_Pad0.72x0.64mm_HandSolder,100,smt,True
211.93,-32.68,0.0,top,R5,,R_0402_1005Metric_Pad0.72x0.64mm_HandSolder,2k,smt,True
211.93,-34.67,0.0,top,R6,,R_0402_1005Metric_Pad0.72x0.64mm_HandSolder,2k,smt,True
188.015,-70.58,0.0,top,R7,,R_0402_1005Metric_Pad0.72x0.64mm_HandSolder,5k1,smt,True
188.015,-72.57,0.0,top,R8,,R_0402_1005Metric_Pad0.72x0.64mm_HandSolder,5k1,smt,True
203.47,-28.7,0.0,top,R9,,R_0402_1005Metric_Pad0.72x0.64mm_HandSolder,470,smt,True
137.1,-48.475,0.0,bottom,SW1,,SW-TH_TK-6580B-1,TK-6580B-1,tht,True
192.545,-49.575,0.0,top,SW2,,SW-SMD_L3.9-W3.0-P4.45,SW_SPDT,smt,True
196.77,-29.73,0.0,top,TP1,,TestPoint_Pad_D2.0mm,TestPoint,tht,True
200.32,-32.28,0.0,top,TP10,,TestPoint_Pad_D1.0mm,TestPoint,tht,True
200.32,-35.33,0.0,top,TP11,,TestPoint_Pad_D1.0mm,TestPoint,tht,True
196.77,-37.83,0.0,top,TP16,,TestPoint_Pad_D2.0mm,TestPoint,tht,True
196.77,-33.78,0.0,top,TP2,,TestPoint_Pad_D2.0mm,TestPoint,tht,True
191.165,-71.11,0.0,top,TP3,,TestPoint_Pad_D1.0mm,TestPoint,tht,True
211.83,-37.19,0.0,top,TP5,,TestPoint_Pad_D1.0mm,TestPoint,tht,True
211.83,-40.24,0.0,top,TP6,,TestPoint_Pad_D1.0mm,TestPoint,tht,True
200.32,-29.23,0.0,top,TP9,,TestPoint_Pad_D1.0mm,TestPoint,tht,True
216.005,-39.915,0.0,top,U2,,SOT-23-5_L3.0-W1.7-P0.95-LS2.8-BL,MCP73831T-2ACI/OT,smt,True
219.55,-34.555,0.0,top,U3,,WDFN-6_L2.0-W2.0-P0.65-BL-EP,XB6096I2SV,tht,True
215.71,-35.105,0.0,top,U4,,DFN-8_L3.0-W3.0-P0.65-BL-EP,AP7361C-33FGE-7,smt,True
145.385,-67.505,90.0,top,U5,,TYPE-C-SMD_C9900025773,GT-USB-7010ASV,smt,True
182.45,-52.655,180.0,top,Y1,,CRYSTAL-SMD_4P-L2.0-W1.6-BL,Crystal_GND23,smt,True
