﻿designator,quantity,value,pack,mpn,mount_type
ANT1,1,~,Texas_SWRA117D_2.4GHz_Left,,tht
BT1,1,Battery,CONN-TH_2P-P2.50_HX25035-2WAP,,tht
"C1, C3",2,10u,C_0402_1005Metric_Pad0.74x0.62mm_HandSolder,,smt
"C13, C14",2,0.8p,C_0402_1005Metric_Pad0.74x0.62mm_HandSolder,,smt
"C2, C6",2,100n,C_0402_1005Metric_Pad0.74x0.62mm_HandSolder,,smt
"C4, C5",2,4.7u,C_0402_1005Metric_Pad0.74x0.62mm_HandSolder,,smt
C7,1,1u,C_0402_1005Metric_Pad0.74x0.62mm_HandSolder,,smt
"C8, C9",2,16p,C_0402_1005Metric_Pad0.74x0.62mm_HandSolder,,smt
D1,1,USBLC6-2SC6_C2687116,SOT-23-6_L2.9-W1.6-P0.95-LS2.8-BL,,smt
D2,1,WHITE LED,LED_0603_1608Metric_Pad1.05x0.95mm_HandSolder,,smt
D3,1,RED LED,LED_0603_1608Metric_Pad1.05x0.95mm_HandSolder,,smt
D4,1,BLUE LED,LED_0603_1608Metric_Pad1.05x0.95mm_HandSolder,,smt
IC1,1,nRF52840-QFAA-F-R7,QFN-48_L6.0-W6.0-P0.40-BL-EP3.8,,smt
J1,1,Screw_Terminal_01x01,CONN-SMD_custom1,,smt
J2,1,Screw_Terminal_01x02,CONN-SMD_2059-302,,smt
L1,1,3.9n,L_0402_1005Metric_Pad0.77x0.64mm_HandSolder,,smt
"R12, R3, R5, R6",4,2k,R_0402_1005Metric_Pad0.72x0.64mm_HandSolder,,smt
"R13, R14, R7, R8",4,5k1,R_0402_1005Metric_Pad0.72x0.64mm_HandSolder,,smt
R4,1,100,R_0402_1005Metric_Pad0.72x0.64mm_HandSolder,,smt
R9,1,470,R_0402_1005Metric_Pad0.72x0.64mm_HandSolder,,smt
SW1,1,TK-6580B-1,SW-TH_TK-6580B-1,,tht
SW2,1,SW_SPDT,SW-SMD_L3.9-W3.0-P4.45,,smt
"TP1, TP16, TP2",3,TestPoint,TestPoint_Pad_D2.0mm,,tht
"TP10, TP11, TP3, TP5, TP6, TP9",6,TestPoint,TestPoint_Pad_D1.0mm,,tht
U2,1,MCP73831T-2ACI/OT,SOT-23-5_L3.0-W1.7-P0.95-LS2.8-BL,,smt
U3,1,XB6096I2SV,WDFN-6_L2.0-W2.0-P0.65-BL-EP,,tht
U4,1,AP7361C-33FGE-7,DFN-8_L3.0-W3.0-P0.65-BL-EP,,smt
U5,1,GT-USB-7010ASV,TYPE-C-SMD_C9900025773,,smt
Y1,1,Crystal_GND23,CRYSTAL-SMD_4P-L2.0-W1.6-BL,,smt
