﻿designator,quantity,value,pack,mpn,mount_type
"ANT1, ANT1",2,~,Texas_SWRA117D_2.4GHz_Left,,tht
"BT1, BT1",2,Battery,CONN-TH_530480210,,tht
BT2,1,Battery,CONN-TH_S2B-PH-K-S-LF-SN,,tht
"C1, C1, C11, C4, C5, C7, C7, C8",8,1u,C_0402_1005Metric_Pad0.74x0.62mm_HandSolder,,smt
"C1, C2",2,18p,C_0402_1005Metric_Pad0.74x0.62mm_HandSolder,,smt
"C10, C10, C12, C12, C12, C21, C23, C6, C9, C9",10,4.7u,C_0402_1005Metric_Pad0.74x0.62mm_HandSolder,,smt
"C10, C14, C14, C18, C18, C18, C19, C2, C2, C20, C22, C3, C6, C6, C7, C9",16,100n,C_0402_1005Metric_Pad0.74x0.62mm_HandSolder,,smt
"C11, C11",2,100p,C_0402_1005Metric_Pad0.74x0.62mm_HandSolder,,smt
"C13, C13, C15, C19, C19",5,10u,C_0402_1005Metric_Pad0.74x0.62mm_HandSolder,,smt
"C13, C14",2,2.2u,C_0402_1005Metric_Pad0.74x0.62mm_HandSolder,,smt
"C15, C15, C16, C16",4,8p,C_0402_1005Metric_Pad0.74x0.62mm_HandSolder,,smt
"C16, C17",2,22u,C_0603_1608Metric_Pad1.08x0.95mm_HandSolder,,smt
"C17, C17",2,NC,C_0402_1005Metric_Pad0.74x0.62mm_HandSolder,,smt
"C3, C3, C4, C4",4,12p,C_0402_1005Metric_Pad0.74x0.62mm_HandSolder,,smt
"C5, C5",2,1.2p,C_0402_1005Metric_Pad0.74x0.62mm_HandSolder,,smt
"C8, C8",2,1p,C_0402_1005Metric_Pad0.74x0.62mm_HandSolder,,smt
"D1, D1",2,RED LED,LED_0603_1608Metric_Pad1.05x0.95mm_HandSolder,,smt
"D1, D2, D4, D4",4,BLUE LED,LED_0603_1608Metric_Pad1.05x0.95mm_HandSolder,,smt
"D1, D1",2,2758,SOL320P540X170-4N,,smt
"D2, D2",2,USBLC6-2SC6_C2687116,SOT-23-6_L2.9-W1.6-P0.95-LS2.8-BL,,smt
D3,1,BLUE LED,SideStuckLED,,smt
D4,1,BLUE RED,SideStuckLED,,smt
D5,1,LED,LED_0603_1608Metric_Pad1.05x0.95mm_HandSolder,,smt
"J1, J1, J2, J2",4,Screw_Terminal_01x01,CONN-SMD_custom1,,smt
"J1, J1, J2, J2",4,Screw_Terminal_01x02,CONN-SMD_2059-302,,smt
"J1, J3, J3",3,USB_C_Receptacle,TYPE-C-SMD_C9900025773,,smt
J4,1,Conn_01x10_Socket,HDR-TH_10P-P1.27-V-M-R2-C5-S1.27-1,,tht
"L1, L1",2,4.7n,L_0402_1005Metric_Pad0.77x0.64mm_HandSolder,,smt
L1,1,4.7u,IND-SMD_L5.2-W5.2_YSPI0530,,smt
"L2, L2",2,2.2n,L_0402_1005Metric_Pad0.77x0.64mm_HandSolder,,smt
"P1, P2",2,USB_C_Plug,USB-C-SMD_TYPE-C-24P-GTJB-040,,tht
"R1, R1, R2, R2, R21",5,2k,R_0402_1005Metric_Pad0.72x0.64mm_HandSolder,,smt
"R1, R18, R2, R3",4,10k,R_0402_1005Metric_Pad0.72x0.64mm_HandSolder,,smt
"R10, R10, R11, R11, R4, R5",6,5k1,R_0402_1005Metric_Pad0.72x0.64mm_HandSolder,,smt
"R10, R11",2,0R,R_0805_2012Metric_Pad1.20x1.40mm_HandSolder,,smt
"R12, R12, R12, R13",4,220,R_0402_1005Metric_Pad0.72x0.64mm_HandSolder,,smt
"R13, R13, R19",3,100k,R_0402_1005Metric_Pad0.72x0.64mm_HandSolder,,smt
"R14, R14",2,33k,R_0402_1005Metric_Pad0.72x0.64mm_HandSolder,,smt
R14,1,1.78k,R_0402_1005Metric_Pad0.72x0.64mm_HandSolder,,smt
"R15, R16, R17",3,1.18k,R_0402_1005Metric_Pad0.72x0.64mm_HandSolder,,smt
R20,1,732,R_0402_1005Metric_Pad0.72x0.64mm_HandSolder,,smt
"R22, R23",2,1k,R_0402_1005Metric_Pad0.72x0.64mm_HandSolder,,smt
"R3, R3, R6, R7, R8",5,100,R_0402_1005Metric_Pad0.72x0.64mm_HandSolder,,smt
"R4, R4",2,4k99,R_0402_1005Metric_Pad0.72x0.64mm_HandSolder,,smt
"R5, R5, R6, R6, R7, R7, R8, R8",8,NF,R_0201_0603Metric,,smt
"R9, R9",2,470,R_0402_1005Metric_Pad0.72x0.64mm_HandSolder,,smt
R9,1,12k,R_0402_1005Metric_Pad0.72x0.64mm_HandSolder,,smt
"SW1, SW1",2,TK-6580B-1,SW-TH_TK-6580B-1,,tht
"SW2, SW2",2,SW_DIP_x01,KEY-SMD_L3.0-W2.5-LS4.0,,tht
"TP10, TP10, TP10, TP11, TP11, TP11, TP12, TP13, TP14, TP16, TP17, TP3, TP4, TP6, TP7, TP8, TP9, TP9",18,TestPoint,TestPoint_Pad_D1.0mm,,tht
"TP16, TP16",2,TestPoint,TestPoint_Pad_D2.0mm,,tht
"U1, U1",2,MCP73831T-2ACI/OT,SOT-23-5_L3.0-W1.7-P0.95-LS2.8-BL,,smt
U1,1,USB2422T-I/MJ,HVQFN-24-1EP_4x4mm_P0.5mm_EP2.5x2.5mm_ThermalVias,,smt
"U2, U2",2,XB6096I2SV,WDFN-6_L2.0-W2.0-P0.65-BL-EP,,tht
U2,1,TPS61023DRLR,SOT-563_L1.6-W1.2-P0.50-LS1.6-BR,,smt
"U3, U3",2,NRF52833-QDAA-R7,QFN-40_L5.0-W5.0-P0.40-TL-EP3.6,,smt
U3,1,AMS1117-3.3,SOT-223-3_TabPin2,,smt
U4,1,BQ24073RGT,VQFN-16-1EP_3x3mm_P0.5mm_EP1.6x1.6mm,,smt
"U5, U6",2,SIP32509DT-T1-GE3,SOT-23-6_Handsoldering,,smt
"Y1, Y1",2,XL7EL89CKI-111YLC-32M ,CRYSTAL-SMD_4P-L2.0-W1.6-BL,,smt
Y1,1,X322524MOB4SI,CRYSTAL-SMD_4P-L3.2-W2.5-BL,,smt
"Y2, Y2",2, X161032768KLD2SI,CRYSTAL-SMD_L1.6-W1.0,,smt
