﻿pos_x,pos_y,rotation,side,designator,mpn,pack,value,mount_type,place
182.134977,-102.215384,90.0,bottom,ANT1,,Texas_SWRA117D_2.4GHz_Left,~,tht,True
107.848616,-101.880866,90.0,top,ANT1,,Texas_SWRA117D_2.4GHz_Left,~,tht,True
176.414977,-113.335384,180.0,top,BT1,,CONN-TH_530480210,Battery,tht,True
113.568616,-113.000866,0.0,bottom,BT1,,CONN-TH_530480210,Battery,tht,True
145.62,-97.07,0.0,bottom,BT2,,CONN-TH_S2B-PH-K-S-LF-SN,Battery,tht,True
173.642477,-105.955384,180.0,bottom,C1,,C_0402_1005Metric_Pad0.74x0.62mm_HandSolder,1u,smt,True
116.341116,-105.620866,0.0,top,C1,,C_0402_1005Metric_Pad0.74x0.62mm_HandSolder,1u,smt,True
159.316943,-77.337557,0.0,top,C1,,C_0402_1005Metric_Pad0.74x0.62mm_HandSolder,18p,smt,True
171.344977,-96.415384,-90.0,bottom,C10,,C_0402_1005Metric_Pad0.74x0.62mm_HandSolder,4.7u,smt,True
118.638616,-96.080866,-90.0,top,C10,,C_0402_1005Metric_Pad0.74x0.62mm_HandSolder,4.7u,smt,True
153.886943,-84.580057,90.0,top,C10,,C_0402_1005Metric_Pad0.74x0.62mm_HandSolder,100n,smt,True
179.674977,-101.742884,-90.0,bottom,C11,,C_0402_1005Metric_Pad0.74x0.62mm_HandSolder,100p,smt,True
110.308616,-101.408366,-90.0,top,C11,,C_0402_1005Metric_Pad0.74x0.62mm_HandSolder,100p,smt,True
152.006943,-85.495057,90.0,top,C11,,C_0402_1005Metric_Pad0.74x0.62mm_HandSolder,1u,smt,True
171.424977,-99.645384,90.0,bottom,C12,,C_0402_1005Metric_Pad0.74x0.62mm_HandSolder,4.7u,smt,True
118.558616,-99.310866,90.0,top,C12,,C_0402_1005Metric_Pad0.74x0.62mm_HandSolder,4.7u,smt,True
133.008731,-93.566345,0.0,top,C12,,C_0402_1005Metric_Pad0.74x0.62mm_HandSolder,4.7u,smt,True
162.874977,-111.710384,-90.0,bottom,C13,,C_0402_1005Metric_Pad0.74x0.62mm_HandSolder,10u,smt,True
127.108616,-111.375866,-90.0,top,C13,,C_0402_1005Metric_Pad0.74x0.62mm_HandSolder,10u,smt,True
140.506443,-72.993557,0.0,top,C13,,C_0402_1005Metric_Pad0.74x0.62mm_HandSolder,2.2u,smt,True
175.124977,-110.575384,90.0,bottom,C14,,C_0402_1005Metric_Pad0.74x0.62mm_HandSolder,100n,smt,True
114.858616,-110.240866,90.0,top,C14,,C_0402_1005Metric_Pad0.74x0.62mm_HandSolder,100n,smt,True
143.326443,-74.273557,0.0,top,C14,,C_0402_1005Metric_Pad0.74x0.62mm_HandSolder,2.2u,smt,True
169.674977,-105.185384,90.0,bottom,C15,,C_0402_1005Metric_Pad0.74x0.62mm_HandSolder,8p,smt,True
120.308616,-104.850866,90.0,top,C15,,C_0402_1005Metric_Pad0.74x0.62mm_HandSolder,8p,smt,True
131.646443,-81.941057,-90.0,top,C15,,C_0402_1005Metric_Pad0.74x0.62mm_HandSolder,10u,smt,True
170.604977,-105.185384,90.0,bottom,C16,,C_0402_1005Metric_Pad0.74x0.62mm_HandSolder,8p,smt,True
119.378616,-104.850866,90.0,top,C16,,C_0402_1005Metric_Pad0.74x0.62mm_HandSolder,8p,smt,True
131.158943,-73.493557,0.0,top,C16,,C_0603_1608Metric_Pad1.08x0.95mm_HandSolder,22u,smt,True
173.642477,-105.025384,0.0,bottom,C17,,C_0402_1005Metric_Pad0.74x0.62mm_HandSolder,NC,smt,True
116.341116,-104.690866,180.0,top,C17,,C_0402_1005Metric_Pad0.74x0.62mm_HandSolder,NC,smt,True
131.158943,-74.963557,0.0,top,C17,,C_0603_1608Metric_Pad1.08x0.95mm_HandSolder,22u,smt,True
173.347477,-112.645384,0.0,bottom,C18,,C_0402_1005Metric_Pad0.74x0.62mm_HandSolder,100n,smt,True
116.636116,-112.310866,180.0,top,C18,,C_0402_1005Metric_Pad0.74x0.62mm_HandSolder,100n,smt,True
122.416443,-66.633557,180.0,top,C18,,C_0402_1005Metric_Pad0.74x0.62mm_HandSolder,100n,smt,True
167.634977,-111.202884,-90.0,bottom,C19,,C_0402_1005Metric_Pad0.74x0.62mm_HandSolder,10u,smt,True
122.348616,-110.868366,-90.0,top,C19,,C_0402_1005Metric_Pad0.74x0.62mm_HandSolder,10u,smt,True
168.696443,-59.753557,0.0,top,C19,,C_0402_1005Metric_Pad0.74x0.62mm_HandSolder,100n,smt,True
171.634977,-105.185384,90.0,bottom,C2,,C_0402_1005Metric_Pad0.74x0.62mm_HandSolder,100n,smt,True
118.348616,-104.850866,90.0,top,C2,,C_0402_1005Metric_Pad0.74x0.62mm_HandSolder,100n,smt,True
159.149443,-82.357557,0.0,top,C2,,C_0402_1005Metric_Pad0.74x0.62mm_HandSolder,18p,smt,True
140.826443,-66.413557,-90.0,top,C20,,C_0402_1005Metric_Pad0.74x0.62mm_HandSolder,100n,smt,True
134.866443,-66.4475,-90.0,top,C21,,C_0402_1005Metric_Pad0.74x0.62mm_HandSolder,4.7u,smt,True
148.798943,-70.783557,0.0,top,C22,,C_0402_1005Metric_Pad0.74x0.62mm_HandSolder,100n,smt,True
148.348943,-76.693557,0.0,top,C23,,C_0402_1005Metric_Pad0.74x0.62mm_HandSolder,4.7u,smt,True
179.647477,-103.865384,0.0,bottom,C3,,C_0402_1005Metric_Pad0.74x0.62mm_HandSolder,12p,smt,True
110.336116,-103.530866,180.0,top,C3,,C_0402_1005Metric_Pad0.74x0.62mm_HandSolder,12p,smt,True
157.2925,-74.05,180.0,top,C3,,C_0402_1005Metric_Pad0.74x0.62mm_HandSolder,100n,smt,True
179.637477,-108.255384,180.0,bottom,C4,,C_0402_1005Metric_Pad0.74x0.62mm_HandSolder,12p,smt,True
110.346116,-107.920866,0.0,top,C4,,C_0402_1005Metric_Pad0.74x0.62mm_HandSolder,12p,smt,True
151.096943,-78.380057,-90.0,top,C4,,C_0402_1005Metric_Pad0.74x0.62mm_HandSolder,1u,smt,True
181.234977,-98.475384,0.0,bottom,C5,,C_0402_1005Metric_Pad0.74x0.62mm_HandSolder,1.2p,smt,True
108.748616,-98.140866,180.0,top,C5,,C_0402_1005Metric_Pad0.74x0.62mm_HandSolder,1.2p,smt,True
129.631231,-90.546345,-90.0,top,C5,,C_0402_1005Metric_Pad0.74x0.62mm_HandSolder,1u,smt,True
177.657477,-95.295384,0.0,bottom,C6,,C_0402_1005Metric_Pad0.74x0.62mm_HandSolder,100n,smt,True
112.326116,-94.960866,180.0,top,C6,,C_0402_1005Metric_Pad0.74x0.62mm_HandSolder,100n,smt,True
135.051231,-91.968845,90.0,top,C6,,C_0402_1005Metric_Pad0.74x0.62mm_HandSolder,4.7u,smt,True
173.642477,-104.095384,0.0,bottom,C7,,C_0402_1005Metric_Pad0.74x0.62mm_HandSolder,1u,smt,True
116.341116,-103.760866,180.0,top,C7,,C_0402_1005Metric_Pad0.74x0.62mm_HandSolder,1u,smt,True
155.766943,-83.51,90.0,top,C7,,C_0402_1005Metric_Pad0.74x0.62mm_HandSolder,100n,smt,True
179.644977,-98.085384,90.0,bottom,C8,,C_0402_1005Metric_Pad0.74x0.62mm_HandSolder,1p,smt,True
110.338616,-97.750866,90.0,top,C8,,C_0402_1005Metric_Pad0.74x0.62mm_HandSolder,1p,smt,True
150.489443,-79.957557,0.0,top,C8,,C_0402_1005Metric_Pad0.74x0.62mm_HandSolder,1u,smt,True
172.284977,-95.675384,-90.0,bottom,C9,,C_0402_1005Metric_Pad0.74x0.62mm_HandSolder,4.7u,smt,True
117.698616,-95.340866,-90.0,top,C9,,C_0402_1005Metric_Pad0.74x0.62mm_HandSolder,4.7u,smt,True
157.68,-76.0375,-90.0,top,C9,,C_0402_1005Metric_Pad0.74x0.62mm_HandSolder,100n,smt,True
172.219977,-113.065384,0.0,top,D1,,LED_0603_1608Metric_Pad1.05x0.95mm_HandSolder,RED LED,smt,True
117.763616,-112.730866,180.0,bottom,D1,,LED_0603_1608Metric_Pad1.05x0.95mm_HandSolder,RED LED,smt,True
143.131443,-66.883557,180.0,top,D1,,LED_0603_1608Metric_Pad1.05x0.95mm_HandSolder,BLUE LED,smt,True
106.285,-63.345,90.0,bottom,D1,,SOL320P540X170-4N,2758,smt,True
185.705,-63.45,90.0,bottom,D1,,SOL320P540X170-4N,2758,smt,True
171.984977,-90.435384,0.0,bottom,D2,,SOT-23-6_L2.9-W1.6-P0.95-LS2.8-BL,USBLC6-2SC6_C2687116,smt,True
117.998616,-90.100866,180.0,top,D2,,SOT-23-6_L2.9-W1.6-P0.95-LS2.8-BL,USBLC6-2SC6_C2687116,smt,True
148.641443,-68.343557,180.0,top,D2,,LED_0603_1608Metric_Pad1.05x0.95mm_HandSolder,BLUE LED,smt,True
157.27615,-101.202449,-160.0,top,D3,,SideStuckLED,BLUE LED,smt,True
172.219977,-110.855384,0.0,top,D4,,LED_0603_1608Metric_Pad1.05x0.95mm_HandSolder,BLUE LED,smt,True
117.763616,-110.520866,180.0,bottom,D4,,LED_0603_1608Metric_Pad1.05x0.95mm_HandSolder,BLUE LED,smt,True
133.876736,-101.192449,160.0,top,D4,,SideStuckLED,BLUE RED,smt,True
140.351443,-86.543557,180.0,top,D5,,LED_0603_1608Metric_Pad1.05x0.95mm_HandSolder,LED,smt,True
171.814977,-80.385384,90.0,bottom,J1,,CONN-SMD_custom1,Screw_Terminal_01x01,smt,True
118.168616,-80.050866,90.0,top,J1,,CONN-SMD_custom1,Screw_Terminal_01x01,smt,True
106.37,-65.355,0.0,top,J1,,CONN-SMD_2059-302,Screw_Terminal_01x02,smt,True
185.79,-65.46,0.0,top,J1,,CONN-SMD_2059-302,Screw_Terminal_01x02,smt,True
145.531443,-97.611057,0.0,top,J1,,TYPE-C-SMD_C9900025773,USB_C_Receptacle,smt,True
177.814977,-80.385384,90.0,bottom,J2,,CONN-SMD_2059-302,Screw_Terminal_01x02,smt,True
112.168616,-80.050866,90.0,top,J2,,CONN-SMD_2059-302,Screw_Terminal_01x02,smt,True
106.37,-62.095,0.0,top,J2,,CONN-SMD_custom1,Screw_Terminal_01x01,smt,True
185.79,-62.2,0.0,top,J2,,CONN-SMD_custom1,Screw_Terminal_01x01,smt,True
178.334977,-89.995384,-90.0,bottom,J3,,TYPE-C-SMD_C9900025773,USB_C_Receptacle,smt,True
111.648616,-89.660866,-90.0,top,J3,,TYPE-C-SMD_C9900025773,USB_C_Receptacle,smt,True
154.733943,-96.758557,0.0,bottom,J4,,HDR-TH_10P-P1.27-V-M-R2-C5-S1.27-1,Conn_01x10_Socket,tht,True
180.274977,-99.925384,0.0,bottom,L1,,L_0402_1005Metric_Pad0.77x0.64mm_HandSolder,4.7n,smt,True
109.708616,-99.590866,180.0,top,L1,,L_0402_1005Metric_Pad0.77x0.64mm_HandSolder,4.7n,smt,True
135.136443,-79.843557,90.0,top,L1,,IND-SMD_L5.2-W5.2_YSPI0530,4.7u,smt,True
180.894977,-101.627884,-90.0,bottom,L2,,L_0402_1005Metric_Pad0.77x0.64mm_HandSolder,2.2n,smt,True
109.088616,-101.293366,-90.0,top,L2,,L_0402_1005Metric_Pad0.77x0.64mm_HandSolder,2.2n,smt,True
120.286443,-63.143557,-90.0,top,P1,,USB-C-SMD_TYPE-C-24P-GTJB-040,USB_C_Plug,tht,True
170.778943,-63.173557,90.0,top,P2,,USB-C-SMD_TYPE-C-24P-GTJB-040,USB_C_Plug,tht,True
170.672477,-113.025384,180.0,bottom,R1,,R_0402_1005Metric_Pad0.72x0.64mm_HandSolder,2k,smt,True
119.311116,-112.690866,0.0,top,R1,,R_0402_1005Metric_Pad0.72x0.64mm_HandSolder,2k,smt,True
152.039443,-83.827557,180.0,top,R1,,R_0402_1005Metric_Pad0.72x0.64mm_HandSolder,10k,smt,True
172.567477,-88.005384,0.0,bottom,R10,,R_0402_1005Metric_Pad0.72x0.64mm_HandSolder,5k1,smt,True
117.416116,-87.670866,180.0,top,R10,,R_0402_1005Metric_Pad0.72x0.64mm_HandSolder,5k1,smt,True
146.586443,-89.553557,180.0,top,R10,,R_0805_2012Metric_Pad1.20x1.40mm_HandSolder,0R,smt,True
181.074977,-92.527884,90.0,bottom,R11,,R_0402_1005Metric_Pad0.72x0.64mm_HandSolder,5k1,smt,True
108.908616,-92.193366,90.0,top,R11,,R_0402_1005Metric_Pad0.72x0.64mm_HandSolder,5k1,smt,True
145.616443,-91.473557,180.0,top,R11,,R_0805_2012Metric_Pad1.20x1.40mm_HandSolder,0R,smt,True
170.672477,-111.955384,0.0,bottom,R12,,R_0402_1005Metric_Pad0.72x0.64mm_HandSolder,220,smt,True
119.311116,-111.620866,180.0,top,R12,,R_0402_1005Metric_Pad0.72x0.64mm_HandSolder,220,smt,True
141.578943,-68.173557,0.0,top,R12,,R_0402_1005Metric_Pad0.72x0.64mm_HandSolder,220,smt,True
176.817477,-108.575384,0.0,bottom,R13,,R_0402_1005Metric_Pad0.72x0.64mm_HandSolder,100k,smt,True
113.166116,-108.240866,180.0,top,R13,,R_0402_1005Metric_Pad0.72x0.64mm_HandSolder,100k,smt,True
148.798943,-69.823557,180.0,top,R13,,R_0402_1005Metric_Pad0.72x0.64mm_HandSolder,220,smt,True
176.817477,-107.575384,180.0,bottom,R14,,R_0402_1005Metric_Pad0.72x0.64mm_HandSolder,33k,smt,True
113.166116,-107.240866,0.0,top,R14,,R_0402_1005Metric_Pad0.72x0.64mm_HandSolder,33k,smt,True
129.621231,-92.993845,-90.0,top,R14,,R_0402_1005Metric_Pad0.72x0.64mm_HandSolder,1.78k,smt,True
131.238731,-88.166345,0.0,top,R15,,R_0402_1005Metric_Pad0.72x0.64mm_HandSolder,1.18k,smt,True
134.623731,-88.256345,180.0,top,R16,,R_0402_1005Metric_Pad0.72x0.64mm_HandSolder,1.18k,smt,True
135.071231,-94.233845,90.0,top,R17,,R_0402_1005Metric_Pad0.72x0.64mm_HandSolder,1.18k,smt,True
130.751231,-94.226345,90.0,top,R18,,R_0402_1005Metric_Pad0.72x0.64mm_HandSolder,10k,smt,True
130.116443,-80.143557,0.0,top,R19,,R_0402_1005Metric_Pad0.72x0.64mm_HandSolder,100k,smt,True
176.234977,-110.555384,-90.0,bottom,R2,,R_0402_1005Metric_Pad0.72x0.64mm_HandSolder,2k,smt,True
113.748616,-110.220866,-90.0,top,R2,,R_0402_1005Metric_Pad0.72x0.64mm_HandSolder,2k,smt,True
152.946943,-85.525057,90.0,top,R2,,R_0402_1005Metric_Pad0.72x0.64mm_HandSolder,10k,smt,True
130.153943,-78.723557,180.0,top,R20,,R_0402_1005Metric_Pad0.72x0.64mm_HandSolder,732,smt,True
139.898943,-85.153557,0.0,top,R21,,R_0402_1005Metric_Pad0.72x0.64mm_HandSolder,2k,smt,True
122.416443,-66.633557,0.0,bottom,R22,,R_0402_1005Metric_Pad0.72x0.64mm_HandSolder,1k,smt,True
168.658943,-59.763557,180.0,bottom,R23,,R_0402_1005Metric_Pad0.72x0.64mm_HandSolder,1k,smt,True
173.357477,-113.725384,0.0,bottom,R3,,R_0402_1005Metric_Pad0.72x0.64mm_HandSolder,100,smt,True
116.626116,-113.390866,180.0,top,R3,,R_0402_1005Metric_Pad0.72x0.64mm_HandSolder,100,smt,True
150.279443,-84.957557,180.0,top,R3,,R_0402_1005Metric_Pad0.72x0.64mm_HandSolder,10k,smt,True
168.594977,-112.302884,90.0,bottom,R4,,R_0402_1005Metric_Pad0.72x0.64mm_HandSolder,4k99,smt,True
121.388616,-111.968366,90.0,top,R4,,R_0402_1005Metric_Pad0.72x0.64mm_HandSolder,4k99,smt,True
143.918943,-92.993557,0.0,top,R4,,R_0402_1005Metric_Pad0.72x0.64mm_HandSolder,5k1,smt,True
174.984977,-96.425384,-90.0,bottom,R5,,R_0201_0603Metric,NF,smt,True
114.998616,-96.090866,-90.0,top,R5,,R_0201_0603Metric,NF,smt,True
147.176443,-97.883557,180.0,bottom,R5,,R_0402_1005Metric_Pad0.72x0.64mm_HandSolder,5k1,smt,True
175.734977,-95.965384,90.0,bottom,R6,,R_0201_0603Metric,NF,smt,True
114.248616,-95.630866,90.0,top,R6,,R_0201_0603Metric,NF,smt,True
150.5075,-81.8,0.0,top,R6,,R_0402_1005Metric_Pad0.72x0.64mm_HandSolder,100,smt,True
180.284977,-96.135384,90.0,bottom,R7,,R_0201_0603Metric,NF,smt,True
109.698616,-95.800866,90.0,top,R7,,R_0201_0603Metric,NF,smt,True
154.826943,-84.875057,90.0,top,R7,,R_0402_1005Metric_Pad0.72x0.64mm_HandSolder,100,smt,True
179.184977,-95.875384,-90.0,bottom,R8,,R_0201_0603Metric,NF,smt,True
110.798616,-95.540866,-90.0,top,R8,,R_0201_0603Metric,NF,smt,True
152.0275,-82.88,0.0,top,R8,,R_0402_1005Metric_Pad0.72x0.64mm_HandSolder,100,smt,True
181.654977,-81.232884,-90.0,bottom,R9,,R_0402_1005Metric_Pad0.72x0.64mm_HandSolder,470,smt,True
108.328616,-80.898366,-90.0,top,R9,,R_0402_1005Metric_Pad0.72x0.64mm_HandSolder,470,smt,True
156.65,-76.0175,-90.0,top,R9,,R_0402_1005Metric_Pad0.72x0.64mm_HandSolder,12k,smt,True
167.492477,-109.082884,0.0,top,SW1,,SW-TH_TK-6580B-1,TK-6580B-1,tht,True
122.491116,-108.748366,180.0,bottom,SW1,,SW-TH_TK-6580B-1,TK-6580B-1,tht,True
173.094977,-107.975384,180.0,bottom,SW2,,KEY-SMD_L3.0-W2.5-LS4.0,SW_DIP_x01,tht,True
116.888616,-107.640866,0.0,top,SW2,,KEY-SMD_L3.0-W2.5-LS4.0,SW_DIP_x01,tht,True
173.284977,-85.675384,0.0,bottom,TP10,,TestPoint_Pad_D1.0mm,TestPoint,tht,True
116.698616,-85.340866,180.0,top,TP10,,TestPoint_Pad_D1.0mm,TestPoint,tht,True
142.826443,-85.173557,180.0,top,TP10,,TestPoint_Pad_D1.0mm,TestPoint,tht,True
181.654977,-79.125384,0.0,bottom,TP11,,TestPoint_Pad_D1.0mm,TestPoint,tht,True
108.328616,-78.790866,180.0,top,TP11,,TestPoint_Pad_D1.0mm,TestPoint,tht,True
151.596443,-93.543557,90.0,top,TP11,,TestPoint_Pad_D1.0mm,TestPoint,tht,True
152.046443,-99.003557,90.0,top,TP12,,TestPoint_Pad_D1.0mm,TestPoint,tht,True
154.066443,-99.003557,90.0,top,TP13,,TestPoint_Pad_D1.0mm,TestPoint,tht,True
156.096443,-99.003557,90.0,top,TP14,,TestPoint_Pad_D1.0mm,TestPoint,tht,True
167.404977,-106.825384,0.0,bottom,TP16,,TestPoint_Pad_D2.0mm,TestPoint,tht,True
122.578616,-106.490866,180.0,top,TP16,,TestPoint_Pad_D2.0mm,TestPoint,tht,True
158.726443,-97.413557,90.0,top,TP16,,TestPoint_Pad_D1.0mm,TestPoint,tht,True
154.016443,-94.703557,90.0,top,TP17,,TestPoint_Pad_D1.0mm,TestPoint,tht,True
127.176443,-65.413557,90.0,top,TP3,,TestPoint_Pad_D1.0mm,TestPoint,tht,True
159.026443,-69.833557,90.0,top,TP4,,TestPoint_Pad_D1.0mm,TestPoint,tht,True
130.316443,-71.663557,180.0,top,TP6,,TestPoint_Pad_D1.0mm,TestPoint,tht,True
133.766443,-83.943557,180.0,top,TP7,,TestPoint_Pad_D1.0mm,TestPoint,tht,True
132.421231,-95.206345,180.0,top,TP8,,TestPoint_Pad_D1.0mm,TestPoint,tht,True
177.874977,-111.255384,0.0,bottom,TP9,,TestPoint_Pad_D1.0mm,TestPoint,tht,True
112.108616,-110.920866,180.0,top,TP9,,TestPoint_Pad_D1.0mm,TestPoint,tht,True
165.252477,-111.585384,90.0,bottom,U1,,SOT-23-5_L3.0-W1.7-P0.95-LS2.8-BL,MCP73831T-2ACI/OT,smt,True
124.731116,-111.250866,90.0,top,U1,,SOT-23-5_L3.0-W1.7-P0.95-LS2.8-BL,MCP73831T-2ACI/OT,smt,True
154.25,-79.7725,-90.0,top,U1,,HVQFN-24-1EP_4x4mm_P0.5mm_EP2.5x2.5mm_ThermalVias,USB2422T-I/MJ,smt,True
173.314977,-110.735384,90.0,bottom,U2,,WDFN-6_L2.0-W2.0-P0.65-BL-EP,XB6096I2SV,tht,True
116.668616,-110.400866,90.0,top,U2,,WDFN-6_L2.0-W2.0-P0.65-BL-EP,XB6096I2SV,tht,True
131.426443,-76.963557,-90.0,top,U2,,SOT-563_L1.6-W1.2-P0.50-LS1.6-BR,TPS61023DRLR,smt,True
174.915144,-100.315384,0.0,bottom,U3,,QFN-40_L5.0-W5.0-P0.40-TL-EP3.6,NRF52833-QDAA-R7,smt,True
115.068449,-99.980866,180.0,top,U3,,QFN-40_L5.0-W5.0-P0.40-TL-EP3.6,NRF52833-QDAA-R7,smt,True
142.236443,-79.593557,-90.0,top,U3,,SOT-223-3_TabPin2,AMS1117-3.3,smt,True
132.364154,-90.913557,90.0,top,U4,,VQFN-16-1EP_3x3mm_P0.5mm_EP1.6x1.6mm,BQ24073RGT,smt,True
137.856443,-66.913557,180.0,top,U5,,SOT-23-6_Handsoldering,SIP32509DT-T1-GE3,smt,True
148.771443,-73.733557,-90.0,top,U6,,SOT-23-6_Handsoldering,SIP32509DT-T1-GE3,smt,True
179.674977,-106.025384,-90.0,bottom,Y1,,CRYSTAL-SMD_4P-L2.0-W1.6-BL,XL7EL89CKI-111YLC-32M ,smt,True
110.308616,-105.690866,-90.0,top,Y1,,CRYSTAL-SMD_4P-L2.0-W1.6-BL,XL7EL89CKI-111YLC-32M ,smt,True
159.166943,-79.747557,90.0,top,Y1,,CRYSTAL-SMD_4P-L3.2-W2.5-BL,X322524MOB4SI,smt,True
170.894977,-102.785384,-90.0,bottom,Y2,,CRYSTAL-SMD_L1.6-W1.0, X161032768KLD2SI,smt,True
119.088616,-102.450866,-90.0,top,Y2,,CRYSTAL-SMD_L1.6-W1.0, X161032768KLD2SI,smt,True
